Entity 1,Relation,Entity 2
rain,Has Property,permeating 
your comment,Has Property,constructive 
the sun,Has Property,scarce 
UFOs,Has Property,scarce 
gold,Has Property,scarce 
the doctor,Has Property,extraordinary 
a rainforest,Has Property,humid 
the story,Has Property,inconsistent 
Windows XP copying process,Has Property,inconsistent 
his hands,Has Property,calloused 
Selmar,Has Property,brawny 
Vidal Sassoon,Has Property,luxuriant 
the walls,Has Property,slimy and bloody 
a dog,Has Property,tearful 
her views,Has Property,defiant 
a baby,Has Property,boisterous 
blood,Has Property,crimson 
my powers,Has Property,disadvantageous 
my face,Has Property,damp 
time,Has Property,relative 
a human,Has Property,bendable 
the day,Has Property,unyielding 
stone,Has Property,unyielding 
the stone,Has Property,drab 
the day,Has Property,resplendent 
books,Has Property,bookish 
the tide,Has Property,inexorable 
the room,Has Property,featureless 
the spears,Has Property,restless 
love,Has Property,intimate 
women,Has Property,underprivileged 
death,Has Property,irreversible 
a man,Has Property,indecent 
The Onion,Has Property,satirical 
men,Has Property,shy 
the US,Has Property,urbanized 
the north,Has Property,sissy 
your kind,Has Property,flowery 
cheese,Has Property,catholic 
the sword,Has Property,mighty 
Adam,Has Property,mythological 
the story,Has Property,profound 
the topsiders,Has Property,primal 
a Cracker Jack box prize,Has Property,disapointing 
a kitten,Has Property,meek 
the Democrats,Has Property,electable 
your record,Has Property,dismal 
the day,Has Property,radiant 
your father,Has Property,rebellious 
women,Has Property,nitpicky 
snakes,Has Property,shrewd 
his predecessor,Has Property,notorious 
the people God,Has Property,wicked 
hell,Has Property,outgoing 
his hair length,Has Property,unrelated 
people,Has Property,arduous 
the stereotype,Has Property,inaccurate 
murder,Has Property,punishable 
algebra,Has Property,rudimentary 
breathing,Has Property,familiar 
stone,Has Property,impassive 
the front,Has Property,blank 
the wall,Has Property,blank 
the sheet,Has Property,blank 
the canvas,Has Property,blank 
battery acid,Has Property,corrosive 
people,Has Property,homogenous 
the day,Has Property,keen 
a car crash,Has Property,menial 
Angus,Has Property,perplexed 
people,Has Property,sensational 
NASA,Has Property,professional 
a doctor,Has Property,readable 
the people,Has Property,unoriginal 
rabbit,Has Property,lean 
people,Has Property,concrete 
people,Has Property,sinister 
putting huge amounts,Has Property,complex and complicated 
his parents,Has Property,devout 
my belief,Has Property,unjustifiable 
people,Has Property,literal 
Uncle,Has Property,unpleasant 
the one,Has Property,deserving 
the wife,Has Property,feral 
this dog,Has Property,cooperative 
the people,Has Property,intolerant 
a racist,Has Property,intolerant 
pocket change,Has Property,unimportant 
the cat,Has Property,unwanted 
the wind,Has Property,fleeting 
dust,Has Property,fleeting 
the history books,Has Property,honorable 
sex,Has Property,improbable 
the corpse,Has Property,lifeless 
a rock,Has Property,lifeless 
a puppy,Has Property,best 
Martin Luther,Has Property,Jewish 
his hand,Has Property,shaky 
my hands,Has Property,shaky 
Teen Titans,Has Property,comedic 
water,Has Property,newsworthy 
spit,Has Property,squishy 
math,Has Property,objective 
mine,Has Property,swollen 
minions,Has Property,omnipresent 
the scars,Has Property,permanent 
the ones,Has Property,psycho 
a head kick,Has Property,explicit 
the day,Has Property,cloudy 
any argument,Has Property,unscientific 
the Warriors,Has Property,unfair 
the sky,Has Property,gray 
the people,Has Property,vocal 
an AI,Has Property,unhappy 
a haircut,Has Property,vain 
my attempt,Has Property,futile 
a pursuit,Has Property,futile 
the sight,Has Property,horrifying 
people,Has Property,universal 
this one,Has Property,loopy 
the guy,Has Property,rigorous 
this guy,Has Property,rotten 
Godwin,Has Property,axiomatic 
a drop,Has Property,indistinguishable 
people,Has Property,skewed 
Trump,Has Property,nutty 
steroids,Has Property,wee 
the people,Has Property,afraid 
the stars,Has Property,distant 
a pound,Has Property,relatable 
your thoughts,Has Property,intuitive 
the inside,Has Property,tense 
an ant,Has Property,lowly 
people,Has Property,anonymous 
the translation,Has Property,probable 
Nancy Grace,Has Property,insensitive 
Black Widow,Has Property,stealthy 
hell,Has Property,grim 
people,Has Property,grim 
Delonte West,Has Property,scandalous 
people,Has Property,mystical 
lederhosen,Has Property,Australian 
his name,Has Property,delightful 
harleys,Has Property,bothersome 
today,Has Property,sacred 
my comment,Has Property,irrelevant 
space,Has Property,infinite 
the darkness,Has Property,infinite 
the one,Has Property,gruesome 
tobacco smoking,Has Property,carcinogenic 
the ones,Has Property,ruthless 
the Muslims,Has Property,barbaric 
any poop,Has Property,objectionable 
Reddit,Has Property,dire 
a man,Has Property,sane 
the people,Has Property,plentiful 
the dirt,Has Property,brown 
Facebook,Has Property,totalitarian 
humans,Has Property,wasteful 
/pol/,Has Property,pervasive 
a motorcycle,Has Property,unsafe 
the sun,Has Property,eternal 
the water,Has Property,fluid 
my walls,Has Property,foreign 
the people,Has Property,bigoted 
a Nevada boxing commissioner,Has Property,impotent 
the Jedis mantra,Has Property,flawed 
his laughter,Has Property,menacing 
people,Has Property,malicious 
people,Has Property,open 
the day,Has Property,nude 
the drive,Has Property,uneventful 
yesterday,Has Property,uneventful 
Americans,Has Property,defensive 
Ron Swanson,Has Property,manly 
Chuck Norris,Has Property,manly 
chuck norris,Has Property,manly 
a peacock,Has Property,proud 
people,Has Property,irritating 
the explosion,Has Property,sudden 
a bear,Has Property,hairy 
people,Has Property,chaotic 
the asshole,Has Property,disrespectful 
others,Has Property,robust 
Death,Has Property,certain 
the right,Has Property,fundamental 
Black Forest gummies,Has Property,juicy 
rape,Has Property,traumatic 
the bells,Has Property,hollow 
mine,Has Property,mild 
the feeling,Has Property,extraordinary 
Houston,Has Property,humid 
SEX,Has Property,pleasurable 
South Park,Has Property,mainstream 
Kanye,Has Property,egotistical 
people,Has Property,backward 
the reader,Has Property,unaware 
a dolphin,Has Property,lively 
Bush,Has Property,worse 
a dog,Has Property,tame 
someone,Has Property,tame 
Frank,Has Property,obnoxious 
Forrest Gump,Has Property,classic 
war,Has Property,brutal 
a head,Has Property,brutal 
heroin,Has Property,addicting 
an egg,Has Property,delicate 
rapists,Has Property,trustworthy 
Joe,Has Property,iconic 
the grave,Has Property,sombre 
Mickey,Has Property,recognizable 
Bradley Whitford,Has Property,recognizable 
mountains,Has Property,magnificent 
people,Has Property,pricey 
the business,Has Property,mundane 
life,Has Property,ludicrous 
that layover,Has Property,brief 
the idea,Has Property,unbelievable 
a football bat,Has Property,queer 
a person,Has Property,incorrect 
this guy,Has Property,motivated 
my keyboard,Has Property,sticky 
an egg,Has Property,sticky 
the people,Has Property,passionate 
a man,Has Property,gentle 
a kitten,Has Property,gentle 
a mouse,Has Property,gentle 
my husband,Has Property,gentle 
Meated Oatmeal,Has Property,appetizing 
stars,Has Property,numerous 
the sands,Has Property,numerous 
the day,Has Property,tender 
the earth,Has Property,massive 
x86,Has Property,massive 
doctors,Has Property,knowledgeable 
Anchorman,Has Property,quotable 
the light,Has Property,constant 
the US,Has Property,capitalistic 
shakespears,Has Property,intricate 
the house,Has Property,silent 
an eggplant,Has Property,purple 
an IUD,Has Property,invasive 
pussy,Has Property,meaningless 
crows,Has Property,sleek 
people,Has Property,noticeable 
a lamb,Has Property,docile 
oil,Has Property,slick 
a priest,Has Property,sober 
a judge,Has Property,sober 
the grass,Has Property,perennial 
people,Has Property,strict 
your leader,Has Property,unreasonable 
time,Has Property,memorable 
men,Has Property,lewd 
her magic,Has Property,fantastical 
a date,Has Property,casual 
Jesus,Has Property,influential 
the idea,Has Property,tempting 
football,Has Property,similar 
Europe,Has Property,fucked 
Japan,Has Property,conservative 
U.K. citizens,Has Property,baffling 
the ones,Has Property,legitimate 
gasoline,Has Property,volatile 
gun powder,Has Property,volatile 
humans,Has Property,imperfect 
the glass,Has Property,invisible 
Alex,Has Property,depressed 
the lie,Has Property,false 
a reason,Has Property,feasible 
Amazon,Has Property,profitable 
this guy,Has Property,hungry 
men,Has Property,hungry 
the name,Has Property,peaceful 
a temple,Has Property,peaceful 
Trump,Has Property,despicable 
the numbers,Has Property,significant 
your dick,Has Property,narrow 
yesterday,Has Property,harsh 
bees,Has Property,vital 
the one,Has Property,hateful 
any bigotry,Has Property,hateful 
the wind,Has Property,icy 
people,Has Property,ineffective 
today,Has Property,tolerant 
this one,Has Property,sturdy 
the humans,Has Property,foolish 
Bill Nye,Has Property,qualified 
the guy,Has Property,qualified 
the memes,Has Property,dank 
the commercials,Has Property,absorbent 
L.A.,Has Property,progressive 
a post,Has Property,deaf 
the bedroom,Has Property,bare 
the one,Has Property,potent 
heroin,Has Property,potent 
people,Has Property,hopeless 
bishop,Has Property,hearty 
his knowledge,Has Property,remarkable 
guys,Has Property,sexual 
a woman,Has Property,sexual 
your karma system usage,Has Property,usual 
this guy,Has Property,rude 
people,Has Property,eccentric 
men,Has Property,thirsty 
fate,Has Property,cruel 
history,Has Property,cruel 
this one,Has Property,feisty 
the population,Has Property,religious 
Americans,Has Property,obese 
a puppy,Has Property,playful 
a fish,Has Property,slippery 
a snake,Has Property,slippery 
an eel,Has Property,slippery 
people,Has Property,hostile 
the Roman Empire,Has Property,recent 
your comment,Has Property,reasonable 
Jamaica,Has Property,rapey 
the day,Has Property,bitter 
a funeral,Has Property,solemn 
people ITT,Has Property,infectious 
the rocks,Has Property,blunt 
metal,Has Property,unforgiving 
their reputation,Has Property,fair 
paper,Has Property,durable 
the one,Has Property,busy 
the bartender,Has Property,busy 
the thought,Has Property,terrifying 
the stories,Has Property,terrifying 
the jihadists,Has Property,radical 
people,Has Property,cringey 
my name,Has Property,sure 
the people,Has Property,aggressive 
his name,Has Property,pleasant 
Reddit,Has Property,frivolous 
the emptiness,Has Property,oppressive 
grandma,Has Property,wealthy 
ice,Has Property,solid 
concrete,Has Property,solid 
a mountain,Has Property,solid 
the floor,Has Property,solid 
the side,Has Property,broad 
the door way,Has Property,broad 
yours,Has Property,vague 
people,Has Property,tricky 
a teenager,Has Property,horny 
the landscape,Has Property,barren 
slippers,Has Property,comfy 
rice,Has Property,cheap 
the BS kids,Has Property,cheap 
a deer,Has Property,graceful 
piranha,Has Property,vicious 
a pit bull,Has Property,vicious 
a man,Has Property,worthy 
their identity,Has Property,invalid 
the day,Has Property,ignorant 
the people,Has Property,expendable 
a sphere,Has Property,edgy 
a penis,Has Property,obvious 
the seas,Has Property,vast 
mom,Has Property,fat 
that woman,Has Property,fat 
mi papa,Has Property,Italian 
the wrath,Has Property,severe 
the noise,Has Property,unsettling 
the reality,Has Property,sad 
my life,Has Property,sad 
a child,Has Property,sad 
the dress,Has Property,artificial 
the one,Has Property,complex 
mine,Has Property,extreme 
/pol/,Has Property,extreme 
the idea,Has Property,absurd 
a man,Has Property,fit 
hell,Has Property,poor 
dirt,Has Property,poor 
Trump,Has Property,delusional 
Koreans,Has Property,extensive 
men,Has Property,abusive 
the one,Has Property,pointless 
Noah,Has Property,likely 
Facebook,Has Property,ubiquitous 
a victim,Has Property,wet 
Deadpool,Has Property,insane 
the amount,Has Property,insane 
Family Guy,Has Property,insane 
the day,Has Property,fine 
YouTube,Has Property,toxic 
Greece,Has Property,broke 
the ones,Has Property,advanced 
the battle,Has Property,valuable 
women,Has Property,emotional 
XKCD,Has Property,relevant 
myspace,Has Property,relevant 
the fact,Has Property,relevant 
the day,Has Property,relevant 
your comment,Has Property,worthless 
the shit,Has Property,worthless 
the legends,Has Property,glorious 
the ripples,Has Property,strange 
these bubble people,Has Property,pathetic 
the couch,Has Property,stale 
the sun,Has Property,unexpected 
this sub,Has Property,active 
the NBA,Has Property,competitive 
the leaves,Has Property,green 
July,Has Property,late 
cnn,Has Property,available 
the others,Has Property,flashy 
the ones,Has Property,guilty 
a Cheeto,Has Property,organic 
people,Has Property,precise 
the reality,Has Property,weird 
this day,Has Property,weird 
the world,Has Property,ancient 
the sands,Has Property,ancient 
the people,Has Property,cringy 
balls,Has Property,sensitive 
foreskin,Has Property,sensitive 
anthropomorphism,Has Property,unhealthy 
the gravel,Has Property,rough 
sandpaper,Has Property,rough 
a carpenter,Has Property,rough 
stone,Has Property,rough 
the Bible,Has Property,true 
the fact,Has Property,true 
the idea,Has Property,true 
the sun,Has Property,true 
Mother,Has Property,racist 
the dog,Has Property,friendly 
a dog,Has Property,friendly 
Lisa,Has Property,famous 
their owners,Has Property,varied 
today,Has Property,varied 
Homer,Has Property,incompetent 
the males,Has Property,monstrous 
Charlie,Has Property,charming 
the width,Has Property,wide 
ants,Has Property,insignificant 
a speck,Has Property,insignificant 
a lot,Has Property,helpful 
a sack,Has Property,helpful 
a can,Has Property,silly 
the person,Has Property,correct 
water,Has Property,messy 
your post,Has Property,unfunny 
a storm,Has Property,wild 
America,Has Property,uptight 
the feeling,Has Property,special 
this one,Has Property,special 
Star Wars,Has Property,huge 
freedom,Has Property,American 
that experience,Has Property,horrible 
a gun,Has Property,lethal 
the men,Has Property,capable 
this man,Has Property,wholesome 
a saint,Has Property,patient 
the US,Has Property,corrupt 
FIFA,Has Property,corrupt 
any form,Has Property,corrupt 
beer,Has Property,delicious 
horse,Has Property,delicious 
the ones,Has Property,delicious 
fathers,Has Property,critical 
Reddit,Has Property,liberal 
Turkey,Has Property,liberal 
people,Has Property,liberal 
littering,Has Property,minor 
tissue paper,Has Property,useful 
a bag,Has Property,useful 
a blade,Has Property,useful 
the ability,Has Property,useful 
the people,Has Property,naive 
people,Has Property,naive 
alcohol,Has Property,damaging 
the day,Has Property,helpless 
the man,Has Property,responsible 
the guy,Has Property,responsible 
breathing,Has Property,essential 
water,Has Property,essential 
the others,Has Property,humorous 
this post,Has Property,humorous 
any place,Has Property,safe 
your bed,Has Property,safe 
breathing,Has Property,accessible 
OS X,Has Property,stable 
the U.S.,Has Property,widespread 
this house,Has Property,many 
the Lord,Has Property,many 
mine,Has Property,lame 
Flint,Has Property,mature 
a joke,Has Property,harmless 
acid,Has Property,harmless 
a bicycle,Has Property,small 
a person,Has Property,small 
a shrimp,Has Property,small 
the moon,Has Property,small 
Carlos Mencia,Has Property,original 
the time,Has Property,pissed 
an elephant,Has Property,grey 
stone,Has Property,grey 
the stuff,Has Property,amazing 
the Americans,Has Property,shocked 
the boy,Has Property,terrified 
Harry,Has Property,miserable 
WhyteHaute,Has Property,glamorous 
the movies,Has Property,glamorous 
the guy,Has Property,romantic 
the others,Has Property,nonsensical 
phosgene,Has Property,poisonous 
people,Has Property,confusing 
a person,Has Property,sophisticated 
hockey,Has Property,badass 
heat,Has Property,intense 
the weather service,Has Property,efficient 
the NHS,Has Property,efficient 
porn,Has Property,hardcore 
people,Has Property,secure 
Jared Fogle,Has Property,secure 
a t shirt,Has Property,modest 
a rainbow,Has Property,gay 
yo momma,Has Property,gay 
the birds,Has Property,gay 
men,Has Property,muscular 
Boyd,Has Property,muscular 
God,Has Property,perfect 
Sarah,Has Property,perfect 
the people,Has Property,douchey 
this guy,Has Property,douchey 
bears,Has Property,dangerous 
any piece,Has Property,dangerous 
a knife,Has Property,dangerous 
the man,Has Property,dangerous 
hell,Has Property,adorable 
the men,Has Property,disgusting 
any woman,Has Property,disgusting 
her face,Has Property,pretty 
a sticker,Has Property,innocuous 
life,Has Property,complicated 
wildlife conservation,Has Property,complicated 
the Sahara desert,Has Property,dry 
my mouth,Has Property,dry 
his father,Has Property,successful 
brexit,Has Property,successful 
a man,Has Property,calm 
a lake,Has Property,calm 
day,Has Property,calm 
Americans,Has Property,patriotic 
humans,Has Property,destructive 
the people,Has Property,lazy 
the situation,Has Property,ridiculous 
the fact,Has Property,ridiculous 
the horror,Has Property,terrible 
my arm,Has Property,long 
swords,Has Property,long 
a life,Has Property,long 
a fist,Has Property,large 
a star,Has Property,large 
the screen,Has Property,large 
the Ark,Has Property,large 
the Joker,Has Property,mad 
her words,Has Property,sweet 
vandalism,Has Property,benign 
people,Has Property,benign 
the building,Has Property,impressive 
Batman,Has Property,close 
the truth,Has Property,hilarious 
a job,Has Property,petty 
revenge,Has Property,petty 
the river,Has Property,cold 
the man,Has Property,cold 
the ground,Has Property,dirty 
the dishes,Has Property,dirty 
people,Has Property,flammable 
a butthole,Has Property,tight 
the prophecies,Has Property,accurate 
football,Has Property,exciting 
an ocean,Has Property,deep 
the eye,Has Property,deep 
a well,Has Property,deep 
the oceans,Has Property,deep 
the men,Has Property,skilled 
the sky,Has Property,innocent 
a child,Has Property,excited 
my mom,Has Property,excited 
McDonalds,Has Property,common 
coal,Has Property,common 
the video,Has Property,entertaining 
the game,Has Property,entertaining 
this gif,Has Property,entertaining 
his brother,Has Property,talented 
Sebastian Bach,Has Property,talented 
the house,Has Property,empty 
her leg,Has Property,thick 
the head,Has Property,thick 
a wrist,Has Property,thick 
bibles,Has Property,thick 
home,Has Property,boring 
the lecture,Has Property,boring 
concrete,Has Property,tough 
an ox,Has Property,tough 
a cat,Has Property,comfortable 
Nacho cheese Doritos,Has Property,disappointing 
Windows,Has Property,popular 
a tiger,Has Property,fierce 
a bus,Has Property,tall 
a human,Has Property,expressive 
the legends,Has Property,powerful 
the United States,Has Property,powerful 
marble,Has Property,hard 
the wood,Has Property,hard 
things,Has Property,disturbing 
your username,Has Property,disturbing 
this alpaca,Has Property,photogenic 
the commercial,Has Property,fun 
the movies,Has Property,fun 
this guy,Has Property,fun 
the game,Has Property,fun 
the stuff,Has Property,great 
zombies,Has Property,tired 
the unknown,Has Property,scary 
the stories,Has Property,scary 
a quest,Has Property,serious 
the kids,Has Property,immature 
tea,Has Property,British 
women,Has Property,picky 
geese,Has Property,mean 
Keanu,Has Property,immortal 
a lion,Has Property,bold 
the others,Has Property,creepy 
a box,Has Property,big 
the apes,Has Property,savage 
alabaster,Has Property,white 
the day,Has Property,deadly 
smoking,Has Property,deadly 
Ebola,Has Property,deadly 
cloth,Has Property,flexible 
Bat,Has Property,funny 
a brick,Has Property,funny 
the beating,Has Property,funny 
the user,Has Property,effective 
my mum,Has Property,bad 
gambling,Has Property,bad 
this man,Has Property,bad 
a coma,Has Property,bad 
vinegar,Has Property,sour 
the time,Has Property,crazy 
memory,Has Property,trivial 
the people,Has Property,confused 
that guy,Has Property,rad 
the memories,Has Property,painful 
the feeling,Has Property,painful 
John,Has Property,confident 
this dude,Has Property,confident 
the cabinets,Has Property,much 
an arm,Has Property,simple 
a screwdriver,Has Property,simple 
a prisoner,Has Property,good 
its users,Has Property,good 
Sarah,Has Property,good 
silver,Has Property,expensive 
mine,Has Property,expensive 
hell,Has Property,cool 
the game,Has Property,easy 
breathing,Has Property,automatic 
a statue,Has Property,motionless 
the spear,Has Property,restless 
a whisper,Has Property,faint 
a mouse,Has Property,meek 
this one,Has Property,questionable 
a surgeon,Has Property,steady 
Phil Collins,Has Property,inspirational 
a mountain,Has Property,immovable 
a mirror,Has Property,reflective 
the day,Has Property,crisp 
the US,Has Property,prosperous 
my father,Has Property,absent 
her father,Has Property,absent 
the driver,Has Property,oblivious 
that behaviour,Has Property,unusual 
gold,Has Property,yellow 
PC desktops,Has Property,upgradeable 
water,Has Property,viscous 
men,Has Property,visual 
Kim,Has Property,unhinged 
a noodle,Has Property,limp 
others,Has Property,fortunate 
tax season,Has Property,regular 
dubstep,Has Property,abrasive 
this one,Has Property,nuanced 
the sea,Has Property,boundless 
Schlegel,Has Property,sloshed 
people,Has Property,frequent 
the dog,Has Property,hairy 
people,Has Property,blatant 
the fact,Has Property,certain 
the shape,Has Property,fundamental 
a monkey,Has Property,repulsive 
heroin,Has Property,illegal 
the hurting,Has Property,rewarding 
people,Has Property,exclusive 
Cosby,Has Property,heinous 
dogs,Has Property,needy 
people,Has Property,catastrophic 
a butterfly,Has Property,gentle 
this guy,Has Property,witty 
an owl,Has Property,silent 
people,Has Property,rosy 
others,Has Property,strict 
hell,Has Property,dodgy 
the person,Has Property,wrong 
the wind,Has Property,swift 
the sun,Has Property,orange 
Donald Trump,Has Property,orange 
mine,Has Property,anecdotal 
Netflix,Has Property,convenient 
the people,Has Property,vulnerable 
the day,Has Property,human 
CO2,Has Property,potent 
humans,Has Property,susceptible 
cats,Has Property,liquid 
people,Has Property,grand 
the wind,Has Property,sure 
Ajit Pai,Has Property,punchable 
a stone,Has Property,firm 
the IRS,Has Property,tenacious 
my skin,Has Property,pink 
fuck,Has Property,versatile 
the day,Has Property,attractive 
a couple,Has Property,cheap 
McDonald,Has Property,cheap 
his options,Has Property,faithful 
ours,Has Property,vast 
an egg,Has Property,bald 
fuck,Has Property,pretentious 
Kim,Has Property,fat 
an elephant,Has Property,fat 
the ocean,Has Property,wet 
the one,Has Property,advanced 
others,Has Property,valuable 
life,Has Property,precious 
humans,Has Property,diverse 
the others,Has Property,guilty 
breathing,Has Property,basic 
this one,Has Property,friendly 
the idea,Has Property,realistic 
a city block,Has Property,wide 
smartphones,Has Property,commonplace 
people,Has Property,negative 
the media,Has Property,prevalent 
a brick,Has Property,aerodynamic 
guns,Has Property,lethal 
a man,Has Property,capable 
the people,Has Property,corrupt 
the people,Has Property,retarded 
the internet,Has Property,useful 
food,Has Property,essential 
Windows,Has Property,stable 
people,Has Property,lame 
people,Has Property,wonderful 
a thimble,Has Property,small 
mice,Has Property,small 
the post,Has Property,original 
the surface,Has Property,dull 
the fact,Has Property,shocking 
pop culture,Has Property,glamorous 
people,Has Property,glamorous 
the post,Has Property,confusing 
that kid,Has Property,badass 
Twilight,Has Property,gay 
any drug,Has Property,addictive 
the day,Has Property,perfect 
the man,Has Property,perfect 
a strand,Has Property,thin 
this one,Has Property,dangerous 
yawns,Has Property,contagious 
people,Has Property,offensive 
the person,Has Property,disgusting 
a dog butt,Has Property,ugly 
the water,Has Property,calm 
horses,Has Property,large 
Forest Gump,Has Property,eloquent 
my life,Has Property,shitty 
the time,Has Property,hilarious 
steel,Has Property,cold 
an ant,Has Property,tiny 
Google,Has Property,accurate 
the one,Has Property,exciting 
the movies,Has Property,exciting 
the boobs,Has Property,fake 
a stick,Has Property,skinny 
a lamb,Has Property,innocent 
a puppy,Has Property,excited 
the children,Has Property,excited 
the ones,Has Property,common 
the movies,Has Property,common 
rats,Has Property,common 
the guy,Has Property,awkward 
the room,Has Property,empty 
blood,Has Property,thick 
logs,Has Property,thick 
the one,Has Property,comfortable 
a bed,Has Property,comfortable 
the others,Has Property,popular 
Facebook,Has Property,popular 
the air,Has Property,dead 
a board,Has Property,rigid 
this one,Has Property,lucky 
my father,Has Property,brave 
Ms.,Has Property,intimidating 
my house,Has Property,tall 
a barn,Has Property,tall 
evil,Has Property,evil 
the others,Has Property,powerful 
the Carrington event,Has Property,powerful 
this one,Has Property,interesting 
mine,Has Property,interesting 
the ones,Has Property,fun 
bill gates,Has Property,rich 
Jeff Bezos,Has Property,rich 
a week,Has Property,short 
this one,Has Property,serious 
Tony,Has Property,intelligent 
a sheet,Has Property,flat 
a president,Has Property,important 
the ceiling,Has Property,white 
the one,Has Property,deadly 
the coffee,Has Property,bad 
James,Has Property,bad 
the day,Has Property,crazy 
death,Has Property,trivial 
money,Has Property,trivial 
the man,Has Property,confused 
Jack,Has Property,confused 
time,Has Property,much 
fuck,Has Property,simple 
Austin,Has Property,good 
my friends,Has Property,good 
the ocean,Has Property,endless 
sex,Has Property,biological 
death,Has Property,inescapable 
the stars,Has Property,countless 
a sphere,Has Property,mobile 
glass,Has Property,brittle 
the moon,Has Property,distant 
Shrek,Has Property,nude 
shit,Has Property,full 
a flower,Has Property,delicate 
a goose,Has Property,loose 
a shadow,Has Property,silent 
ice,Has Property,slick 
the time,Has Property,embarrassing 
Hitler,Has Property,despicable 
the day,Has Property,stunning 
Fox,Has Property,biased 
the pair,Has Property,fancy 
people,Has Property,infectious 
alcohol,Has Property,harmful 
people,Has Property,aggressive 
men,Has Property,logical 
China,Has Property,cheap 
a butter knife,Has Property,edgy 
the ocean,Has Property,vast 
the US,Has Property,fat 
the fact,Has Property,sad 
a human,Has Property,complex 
The Joker,Has Property,insane 
people,Has Property,toxic 
gold,Has Property,valuable 
gold,Has Property,precious 
fiction,Has Property,strange 
the forest,Has Property,green 
hell,Has Property,guilty 
sin,Has Property,guilty 
time,Has Property,ancient 
fuck,Has Property,uncomfortable 
fire,Has Property,basic 
Earth,Has Property,dense 
an ant,Has Property,insignificant 
the sun,Has Property,brilliant 
any day,Has Property,normal 
the guy,Has Property,retarded 
a chocolate teapot,Has Property,useful 
houses,Has Property,safe 
the sky,Has Property,grey 
that dog,Has Property,relaxed 
the sunrise,Has Property,predictable 
humans,Has Property,violent 
bone,Has Property,dry 
a castle,Has Property,large 
winter,Has Property,cold 
gasoline,Has Property,flammable 
a twig,Has Property,skinny 
the movies,Has Property,dramatic 
a dog,Has Property,excited 
a kid,Has Property,excited 
water,Has Property,common 
mine,Has Property,thick 
the person,Has Property,annoying 
my chest,Has Property,tall 
any man,Has Property,tall 
the ones,Has Property,powerful 
the others,Has Property,interesting 
a spider,Has Property,scary 
death,Has Property,serious 
the kid,Has Property,immature 
brass,Has Property,bold 
his father,Has Property,smart 
the winter snow,Has Property,white 
the ocean,Has Property,salty 
a kitten,Has Property,weak 
the thought,Has Property,funny 
the day,Has Property,effective 
the Joker,Has Property,crazy 
death,Has Property,inevitable 
a coffee,Has Property,simple 
Dave,Has Property,good 
the ice,Has Property,cool 
my grandpa,Has Property,old 
men,Has Property,interested 
any cat,Has Property,ordinary 
glass,Has Property,transparent 
the sun,Has Property,certain 
death,Has Property,certain 
a cactus,Has Property,cuddly 
the sun,Has Property,abundant 
men,Has Property,competent 
the sun,Has Property,golden 
rain,Has Property,ironic 
the eye,Has Property,far 
the day,Has Property,shiny 
clay,Has Property,malleable 
a mule,Has Property,stubborn 
gold,Has Property,pure 
Joker,Has Property,frightening 
his face,Has Property,wide 
this post,Has Property,unfunny 
gold,Has Property,rare 
life,Has Property,normal 
the person,Has Property,retarded 
this one,Has Property,small 
meth,Has Property,addictive 
the idea,Has Property,ridiculous 
a bear,Has Property,large 
the U.S.,Has Property,large 
a hatter,Has Property,mad 
a baby,Has Property,innocent 
the day,Has Property,empty 
a pencil,Has Property,thick 
a dog,Has Property,sick 
a schoolgirl,Has Property,giddy 
a giant,Has Property,tall 
this one,Has Property,stupid 
marble,Has Property,white 
the clouds,Has Property,white 
the sheets,Has Property,white 
others,Has Property,funny 
your post,Has Property,funny 
Jim,Has Property,bad 
the moon,Has Property,high 
the cat,Has Property,confused 
my house,Has Property,much 
a kid,Has Property,happy 
a rock,Has Property,steady 
humans,Has Property,sentient 
apple pie,Has Property,american 
a bug,Has Property,snug 
water,Has Property,fluid 
meth,Has Property,illegal 
ze hurting,Has Property,rewarding 
breathing,Has Property,effortless 
thou art,Has Property,humble 
Bill Gates,Has Property,wealthy 
men,Has Property,horny 
men,Has Property,equal 
the sky,Has Property,true 
a fingerprint,Has Property,unique 
drugs,Has Property,addictive 
this one,Has Property,large 
my torso,Has Property,large 
a city,Has Property,large 
the sun,Has Property,warm 
people,Has Property,reliable 
a child,Has Property,innocent 
the blade,Has Property,sharp 
the tower,Has Property,tall 
the mountain,Has Property,tall 
Hitler,Has Property,evil 
cities,Has Property,big 
Jack,Has Property,good 
the day,Has Property,vibrant 
the day,Has Property,youthful 
the US,Has Property,litigious 
the night,Has Property,silent 
the day,Has Property,lovely 
dogs,Has Property,affectionate 
dinner plates,Has Property,wide 
apple pie,Has Property,American 
stone,Has Property,heavy 
breathing,Has Property,normal 
ants,Has Property,small 
people,Has Property,amazing 
the day,Has Property,pretty 
people,Has Property,complicated 
glass,Has Property,fragile 
the one,Has Property,real 
football,Has Property,popular 
people,Has Property,intelligent 
people,Has Property,awful 
the time,Has Property,funny 
the day,Has Property,vivid 
men,Has Property,sexual 
a fiddle,Has Property,fit 
people,Has Property,true 
lead,Has Property,dense 
people,Has Property,prevalent 
people,Has Property,retarded 
a puddle,Has Property,shallow 
this one,Has Property,nice 
a rail,Has Property,skinny 
this one,Has Property,awesome 
a child,Has Property,giddy 
rain,Has Property,right 
the sun,Has Property,powerful 
the moon,Has Property,white 
a tomb,Has Property,quiet 
dogs,Has Property,good 
any time,Has Property,good 
the beginning,Has Property,good 
people,Has Property,uncommon 
humor,Has Property,subjective 
a bone,Has Property,dry 
ours,Has Property,large 
a human,Has Property,large 
a mountain,Has Property,large 
dirt,Has Property,common 
a dog,Has Property,loyal 
stone,Has Property,hard 
this guy,Has Property,rad 
the sun,Has Property,radiant 
the day,Has Property,handsome 
the day,Has Property,pristine 
saucers,Has Property,round 
the sun,Has Property,sure 
the day,Has Property,gay 
candy,Has Property,sweet 
molasses,Has Property,thick 
an arrow,Has Property,straight 
hell,Has Property,funny 
a grave,Has Property,silent 
cigarette,Has Property,harmful 
Americans,Has Property,fat 
a desert,Has Property,dry 
hell,Has Property,mad 
tree trunks,Has Property,thick 
a tree,Has Property,tall 
the drama,Has Property,impertinent 
the grass,Has Property,green 
the day,Has Property,sharp 
thieves,Has Property,thick 
nails,Has Property,tough 
trees,Has Property,tall 
people,Has Property,scary 
dogs,Has Property,trainable 
lead,Has Property,heavy 
death,Has Property,cold 
a fox,Has Property,cunning 
stone,Has Property,solid 
a gunshot,Has Property,loud 
a clam,Has Property,happy 
this post,Has Property,inappropriate 
a sheet,Has Property,pale 
night,Has Property,different 
Fahrenheit,Has Property,arbitrary 
the day,Has Property,clean 
heroin,Has Property,addictive 
the wind,Has Property,free 
a puddle,Has Property,deep 
a horse,Has Property,healthy 
knives,Has Property,sharp 
a house,Has Property,tall 
steel,Has Property,hard 
molasses,Has Property,slow 
the stars,Has Property,numerous 
ours,Has Property,advanced 
people,Has Property,funny 
the day,Has Property,new 
a bird,Has Property,free 
dogs,Has Property,intelligent 
a pancake,Has Property,flat 
an ox,Has Property,strong 
the grave,Has Property,silent 
the people,Has Property,ignorant 
the day,Has Property,young 
a button,Has Property,cute 
the people,Has Property,annoying 
the sky,Has Property,tall 
a board,Has Property,stiff 
lightning,Has Property,quick 
the Sahara,Has Property,dry 
murder,Has Property,bad 
a bat,Has Property,blind 
a brick,Has Property,subtle 
the day,Has Property,naked 
silk,Has Property,soft 
breathing,Has Property,easy 
the day,Has Property,fresh 
space,Has Property,vast 
saucers,Has Property,wide 
mine,Has Property,valid 
honey,Has Property,sweet 
the sun,Has Property,hot 
a cucumber,Has Property,cool 
humans,Has Property,intelligent 
gold,Has Property,good 
humanity,Has Property,old 
the sky,Has Property,blue 
the snow,Has Property,white 
your head,Has Property,big 
breathing,Has Property,natural 
a ghost,Has Property,pale 
a feather,Has Property,light 
silk,Has Property,smooth 
a man,Has Property,tall 
blood,Has Property,red 
the guy,Has Property,bad 
a pig,Has Property,greedy 
day,Has Property,plain 
the one,Has Property,bad 
the day,Has Property,beautiful 
the one,Has Property,good 
night,Has Property,black 
snow,Has Property,white 
the sun,Has Property,bright 
mine,Has Property,good 
day,Has Property,clear